solid,vertex,latitude,longitude,coast_distance_km,signed_coast_distance_km,ocean,maximin_km,qw,qx,qy,qz
dodecahedron,0,-36.51763872,-155.84637025,1462.613,1462.613,1,-58.900,-0.428660263622,0.395340561889,0.585256908698,0.563409770361
dodecahedron,1,33.90359747,-151.67258135,1489.664,1489.664,1,-58.900,-0.428660263622,0.395340561889,0.585256908698,0.563409770361
dodecahedron,2,-32.30255829,115.44707403,22.680,22.680,1,-58.900,-0.428660263622,0.395340561889,0.585256908698,0.563409770361
dodecahedron,3,38.20502837,117.30376648,39.857,-39.857,0,-58.900,-0.428660263622,0.395340561889,0.585256908698,0.563409770361
dodecahedron,4,-38.20502837,-62.69623352,58.852,-58.852,0,-58.900,-0.428660263622,0.395340561889,0.585256908698,0.563409770361
dodecahedron,5,32.30255829,-64.55292597,10.452,10.452,1,-58.900,-0.428660263622,0.395340561889,0.585256908698,0.563409770361
dodecahedron,6,-33.90359747,28.32741865,101.139,101.139,1,-58.900,-0.428660263622,0.395340561889,0.585256908698,0.563409770361
dodecahedron,7,36.51763872,24.15362975,3.569,3.569,1,-58.900,-0.428660263622,0.395340561889,0.585256908698,0.563409770361
dodecahedron,8,-72.07134239,-112.25448411,209.182,209.182,1,-58.900,-0.428660263622,0.395340561889,0.585256908698,0.563409770361
dodecahedron,9,-2.39899117,-129.64258007,1289.954,1289.954,1,-58.900,-0.428660263622,0.395340561889,0.585256908698,0.563409770361
dodecahedron,10,-19.71360889,160.19683163,138.828,138.828,1,-58.900,-0.428660263622,0.395340561889,0.585256908698,0.563409770361
dodecahedron,11,66.05537982,-106.04469266,58.900,-58.900,0,-58.900,-0.428660263622,0.395340561889,0.585256908698,0.563409770361
dodecahedron,12,3.22886290,92.21270359,353.281,353.281,1,-58.900,-0.428660263622,0.395340561889,0.585256908698,0.563409770361
dodecahedron,13,22.03620498,162.49774695,523.887,523.887,1,-58.900,-0.428660263622,0.395340561889,0.585256908698,0.563409770361
dodecahedron,14,-66.05537982,73.95530734,266.879,266.879,1,-58.900,-0.428660263622,0.395340561889,0.585256908698,0.563409770361
dodecahedron,15,-3.22886290,-87.78729641,287.707,287.707,1,-58.900,-0.428660263622,0.395340561889,0.585256908698,0.563409770361
dodecahedron,16,-22.03620498,-17.50225305,1187.732,1187.732,1,-58.900,-0.428660263622,0.395340561889,0.585256908698,0.563409770361
dodecahedron,17,72.07134239,67.74551589,31.186,31.186,1,-58.900,-0.428660263622,0.395340561889,0.585256908698,0.563409770361
dodecahedron,18,2.39899117,50.35741993,352.141,352.141,1,-58.900,-0.428660263622,0.395340561889,0.585256908698,0.563409770361
dodecahedron,19,19.71360889,-19.80316837,308.062,308.062,1,-58.900,-0.428660263622,0.395340561889,0.585256908698,0.563409770361
